Producer,title
HBO,Black Panther 
HBO,Westworld: Season 1 
CW,The Flash  renewed for two more seasons
CW,Futurama  All Movies and Seasons 
CW,Team America: World Police  2004 
Netflix,Blue Planet nominated for national geography award
HBO,Game of Thrones Season 4 Episode 1 - Two Swords
HBO,Confirmation star
CW,In Doha 2008 
Netflix,Arondale
HBO,Game of Thrones Season 4 Episode 4 : Oathkeeper [HD]
CW,Ashton Kutcher series renewed
HBO,Game of Thrones Season 4 Episode 2 - The Lion and the Rose
Netflix,Britain's Top Model
HBO,Every episode of Game of Thrones season 1 & 2
CW,The Grand Budapest Hotel  2014 
CW,Tucker & Dale worst movie
Netflix,Zumbo's big dessert
CW,Grandma's Boy  2006 
HBO,Game of Thrones Season 4 Episode 5 - First of His Name [HD VERSION]
Netflix,Love per square foot netflix production
Netflix,Wellington the final battle
CW,CW Targets Reddit Over Christmas Movie Piracy [TorrentFreak]
CW,War for the Planet of the Apes  2017 
CW,WonderWoman Gal Gadot to star in sequel
CW,Gossip Girl soon to be removed from Netflix
CW,Masters of Illusion popular film 
CW,The Godfather popular cult crime film
CW,Dive For Treasure syndicate to CTV
HBO,Thor Ragnarok
HBO,The Silent Woman
CW,Blacklist has been reset.
CW,Portlandia
CW,Forrest Gump  biggest hit  in the nineties
Netflix,Holby
HBO,Game of Thrones Season 2 Episode 1
HBO,Going Clear - Scientology and the Prison of Belief - HBO Documentary Film -  2015 
CW,In Baroda  2008 
Netflix,Tully Charlize Theron
HBO,Game of Thrones Season 4 Episode 4 : Oathkeeper [HD]
CW,Dynasty season 1 episode 3 trashy little
HBO,Game of Thrones Season 4 Episode 2 - The Lion and the Rose
Netflix,Atlantis
HBO,Every episode of Game of Thrones season 1 & 2
CW,The Grand Budapest Hotel  2014 
CW,Zootopia  2016 
Netflix,Janaan biggest hit
CW,Arrow newest hit
HBO,Game of Thrones Season 4 Episode 5 - First of His Name [HD VERSION]
Netflix,Homeland renewed for new season
Netflix,Country Houses newest house show
CW,CW Targets Reddit Over Christmas Movie Piracy [TorrentFreak]
CW,War for the Planet of the Apes  2017 
CW,Supergirl season 4 will be launched in September
CW,Gossip Girl soon to be removed from Netflix
CW,iZombie next season to be final season
CW,Cloverfield remake being made with Elle Fanning
CW,Toughest cowboy final season 
HBO,Black Panther 
HBO,Westworld: Season 1 
CW,Whitelist has been reset.
CW,Futurama  All Movies and Seasons 
CW,War of Worlds remake top grossing film in May
Netflix,Sherlock season 3 better than season 2 
HBO,Game of Thrones Season 4 Episode 1 - Two Swords
HBO,Going Clear - Scientology and the Prison of Belief - HBO Documentary Film -  2015 
CW,In Boston 
Netflix,Tully Mother mindset movie for all ages 
HBO,Game of Thrones Season 4 Episode 4 : Oathkeeper [HD]
CW,The Vampire Diaries
HBO,Game of Thrones Season 4 Episode 2 - The Lion and the Rose
Netflix,Rome Reign of blood
HBO,Every episode of Game of Thrones season 1 & 2
CW,The Grand Budapest Hotel  2014 
CW,Zootopia  2016 
Netflix,Brain Games being renewed
CW,Grandma's Boy  2006 
HBO,Game of Thrones Season 4 Episode 5 - First of His Name [HD VERSION]
Netflix,Everything Everything newest show
Netflix,Cana-dianot
CW,CW Targets Reddit Over Christmas Movie Piracy [TorrentFreak]
CW,War for the Planet of the Apes  2017 
CW,Jane the Virgin final season
CW,Gossip Girl soon to be removed from Netflix
CW,Dynasty actor to ge his own show
CW,Star Trek 3 will be released
HBO,Sucession Travis Mathew to join
HBO,Black Panther 
HBO,Westworld: Season 1 
CW,Whitelist has been reset.
CW,Futurama  All Movies and Seasons 
CW,Dundee release anticipated
Netflix,Graham Norton Show one of the top most watched
HBO,Game of Thrones Season 4 Episode 1 - Two Swords
HBO,Going Clear - Scientology and the Prison of Belief - HBO Documentary Film -  2015 
CW,In Belfast  2008 
Netflix,Kids  1995 
HBO,Game of Thrones Season 4 Episode 4 : Oathkeeper [HD]
CW,Originals
HBO,Game of Thrones Season 4 Episode 2 - The Lion and the Rose
Netflix,Reign 
HBO,Every episode of Game of Thrones season 1 & 2
CW,The Grand Budapest Hotel  2014 
CW,Zootopia  2016 
Netflix,Crazy Ex Girlfriend releases
CW,Riverdale being renewed for one more season
HBO,Game of Thrones Season 4 Episode 5 - First of His Name [HD VERSION]
Netflix,Tucker&Dale climbs the rating
Netflix,Joel Hale not the Joel Bale show though it is baleable
CW,CW Targets Reddit Over Christmas Movie Piracy [TorrentFreak]
CW,War for the Planet of the Apes  2017 
CW,Valor the final season
CW,Gossip Girl soon to be removed from Netflix
CW,Dynasty actor GrantShow in Critic choice film for Emmys
CW,Dreamgirls worst film
HBO,Bg Little Lies Shay  Mitchell to star in new film
HBO,Black Panther 
HBO,Westworld: Season 1 
CW,Whitelist has been reset.
CW,Futurama  All Movies and Seasons 
CW,Mother worst flop for 2017
Netflix,Doctor Who new season released
HBO,Game of Thrones Season 4 Episode 1 - Two Swords
HBO,Going Clear - Scientology and the Prison of Belief - HBO Documentary Film -  2015 
CW,Julia Robert Pelican Brief
Netflix,7 days in Entebbe Daniel Bruhl shines in this film
HBO,Game of Thrones Season 4 Episode 4 : Oathkeeper [HD]
CW,Wild Japan
HBO,Game of Thrones Season 4 Episode 2 - The Lion and the Rose
Netflix,Gotham
HBO,Every episode of Game of Thrones season 1 & 2
CW,The Grand Budapest Hotel  2014 
CW,Zootopia  2016 
Netflix,Strager Things season 3 starting
CW,Grandma's Boy  2006 
HBO,Game of Thrones Season 4 Episode 5 - First of His Name [HD VERSION]
Netflix,Adrian Zumbo show released
Netflix,Court Drama Suits season 7 out
CW,CW Targets Reddit Over Christmas Movie Piracy [TorrentFreak]
CW,War for the Planet of the Apes  2017 
CW,Black Lightening newest offering
CW,Gossip Girl soon to be removed from Netflix
CW,Supergirl being renewed for two more seasons
CW,Daddy's home 2 modetate success
HBO,Barry newest release on night drama
HBO,Guardians of the Galaxy
HBO,Westworld: Season 1 
CW,Whitelist has been reset.
CW,Futurama  All Movies and Seasons 
Netflix,Entebbe Daniel Bruhl's classic film
Netflix,Newest show Requim not renewed
Netflix,Game of Thrones Season 4 Episode 1 - Two Swords
HBO,being Elmo
CW,Pelican Brief
Netflix,Cheaper by the dozen
HBO,Game of Thrones Season 4 Episode 4 : Oathkeeper [HD]
CW,Ronin and last of the league
HBO,Game of Thrones Season 4 Episode 2 - The Lion and the Rose
Netflix,The Illusionist
HBO,Every episode of Game of Thrones season 1 & 2
CW,The Grand Budapest Hotel  2014 
CW,Zootopia  2016 
Netflix,Joel Bale show is painful to watch
CW,Grandma's Boy  2006 
HBO,Game of Thrones Season 4 Episode 5 - First of His Name [HD VERSION]
Netflix,Trial by chocolate
Netflix,Suits finally on netflix with the wedding episode
CW,CW Targets Reddit Over Christmas Movie Piracy [TorrentFreak]
CW,War for the Planet of the Apes  2017 
CW,Life sentence renewed for one more season
CW,Gossip Girl soon to be removed from Netflix
CW,Dale Roberts in Life Sentence
CW,Downsizing quiet release poor storyline
HBO,Rome being renenwed for an additional season
HBO,Black Panther 
HBO,Westworld: Season 1 
CW,Whitelist has been reset.
CW,Futurama  All Movies and Seasons 
Netflix,Team America: World Police  2004 
Netflix,Call the Midwife final season
HBO,Big Little Lies final season what lies In store
HBO,Elmo's world
CW,Red Sparrow
Netflix,Braveheart worst of the scottish
HBO,Game of Thrones Season 4 Episode 4 : Oathkeeper [HD]
CW,Flying House
HBO,Game of Thrones Season 4 Episode 2 - The Lion and the Rose
Netflix,Captain America Winter War
HBO,Every episode of Game of Thrones season 1 & 2
CW,The Grand Budapest Hotel  2014 
CW,Zootopia  2016 
Netflix,13 reasons why renewed for one more season
CW,Lili Reinhart Riverdale star
HBO,Sansa stark dies in Game of Thrones
Netflix,Dear White people season 2 released
Netflix,Sonequa Martin and Brian Cassidy Star Trek Discoverery is popular
CW,CW Targets Reddit Over Christmas Movie Piracy [TorrentFreak]
CW,War for the Planet of the Apes  2017 
CW,The star of the Flash acting in Justice League
CW,Gossip Girl soon to be removed from Netflix
CW,Supernatural actors to pair up with lakeview
Netflix,Rings top grosser of quarter 3
HBO,True Detective renewed
HBO,Justice League versus 
HBO,Westworld: Season 1 
CW,Whitelist has been reset.
CW,Futurama  All Movies and Seasons 
CW,Transformer Last knight Shia replaced by Andy Wahlberg
Netflix,poldark show is renewed for season 4
HBO,Game of Thrones Season 4 Episode 1 - Two Swords
HBO,Going Clear - Scientology and the Prison of Belief - HBO Documentary Film -  2015 
CW,In New Delhi  2008 
Netflix,Kids  1995 
HBO,Game of Thrones Season 4 Episode 4 : Oathkeeper [HD]
CW,Dawn of the Dead
HBO,Game of Thrones Season 4 Episode 2 - The Lion and the Rose
Netflix,Siege of Entebbe
HBO,Every episode of Game of Thrones season 1 & 2
CW,The Grand Budapest Hotel  2014 
CW,Zootopia  2016 
Netflix,Evil genius biggest hit
CW,Grandma's Boy  2006 
HBO,Game of Thrones Season 4 Episode 5 - First of His Name [HD VERSION]
Netflix,Dirty grandpa released
Netflix,Money Heist renewed
CW,CW Targets Reddit Over Christmas Movie Piracy [TorrentFreak]
CW,War for the Planet of the Apes  2017 
CW,Dynasty next season will be final season
CW,Gossip Girl soon to be removed from Netflix
CW,The garden capital 
CW,Annihilation coming on Netflix in February
HBO,Divorce renewed 
HBO,Black Panther 
HBO,Westworld: Season 1 
CW,Whitelist has been reset.
CW,Futurama  All Movies and Seasons 
CW,Bumblebee transformer followup
Netflix,Question Time one of the oldest
HBO,Game of Thrones Season 4 Episode 1 - Two Swords
HBO,Here and Now Episode 3
CW,In Brussels yet again Wonder Woman
Netflix,2nd best marigold hotel
HBO,Game of Thrones Season 4 Episode 4 : Oathkeeper [HD]
CW,Chopper Hands of Nightmare on Elm Street
HBO,Rings the second
Netflix,Yom Kippur War
HBO,Every episode of Game of Thrones season 1 & 2
CW,Marigold Hotel
CW,Peter Rabbit
Netflix,Blackfish2 released on netflix
CW,Grandma's Boy  2006 
HBO,Game of Thrones Season 4 Episode 5 - First of His Name [HD VERSION]
Netflix,Star Trek discovery Sonequa Martin 
Netflix,Lost in Space one of the newest shows highest 
CW,CW Targets Reddit Over Christmas Movie Piracy [TorrentFreak]
CW,War for the Planet of the Apes  2017 
CW,The 100 actor 
CW,Gossip Girl soon to be removed from Netflix
CW,Jane Austen
CW,Overlord primed for launch in Tokyo
HBO,Ballers next film for this year
HBO,Black Panther 
HBO,Westworld: Season 1 
CW,Supernatural renewed for further season
CW,Futurama  All Movies and Seasons 
CW,A Quiet place box office hit and John Krasinski mints more movies
Netflix,Luther Idris Elba performance lauded
HBO,Game of Thrones Season 4 Episode 1 - Two Swords
HBO,Going Clear - Scientology and the Prison of Belief - HBO Documentary Film -  2015 
CW,In Istanbul yet again
Netflix,America Top Model
HBO,Arya Stark versus Joffrey
CW,Shaun of the Dead
HBO,Sansa versus Joffrey 
Netflix,Ned Stark to star in Lord of the Rings
HBO,Newest Jon Snow episode
CW,The Mindy show
CW,Arwen and the undead
Netflix,Wonder Woman released 
CW,Fantastic beasts and where to find them
HBO,Game of Thrones Season 4 Episode 5 - First of His Name [HD VERSION]
Netflix,Tallulah biggest hit
Netflix,Altered Carbon has the newest rank
CW,CW Targets Reddit Over Christmas Movie Piracy [TorrentFreak]
CW,War for the Planet of the Apes  2017 
CW,Penn and Teller show
CW,Gossip Girl soon to be removed from Netflix
CW,Wuthering Heights
CW,Book Club big hit for CW
HBO,Adventureland Unable to afford
HBO,Black Panther 
HBO,Westworld: Season 1 
CW,Whitelist has been reset.
CW,Futurama  All Movies and Seasons 
CW,Action Point voiced by Selena Gomez
Netflix,Would I lie to you changing show host
HBO,The Deuce is the newest show
HBO,Going Clear - Scientology and the Prison of Belief - HBO Documentary Film -  2015 
CW,In Beijing
Netflix,Justin Beiber documentary
HBO,Arwen undomiel and Aragorn getting their own movie
CW,Hobbit being released 
HBO,Game of Thrones Season 4 Episode 2 - The Lion and the Rose
Netflix,Justice League each getting their own movie
HBO,Marjory Tyrell versus Starks
CW,The second best marigold hotel
CW,Gnomeo and Juliet
Netflix,Forks over knives
CW,Shawshank redemption
HBO,Game of Thrones Season 4 Episode 5 - First of His Name [HD VERSION]
Netflix,Brooklyn Nine Nine newest season released
Netflix,The crown season 3 will be released in september
CW,CW Targets Reddit Over Christmas Movie Piracy [TorrentFreak]
CW,War for the Planet of the Apes  2017 
CW,The Mindy Kaling show costumes 
CW,Gossip Girl soon to be removed from Netflix
CW,Pride and Prejudice
CW,Sherlock Gnomes had a low success
CW,UFC Unleashed
